Power Range (%),Time (%),Hours (h),Asset,Site
0-10%,22.2,1208.819580388224,ABB00235,Florianopolis
10-20%,17.97,978.4904441250625,ABB00235,Florianopolis
20-30%,12.1,658.8611226440321,ABB00235,Florianopolis
30-40%,9.139999999999999,497.68517859226887,ABB00235,Florianopolis
40-50%,15.229999999999999,829.2937932122818,ABB00235,Florianopolis
50-60%,15.78,859.2420260597377,ABB00235,Florianopolis
60-70%,5.1,277.70179549459203,ABB00235,Florianopolis
70-80%,1.49,81.13248535038082,ABB00235,Florianopolis
80-90%,0.09,4.900619920492801,ABB00235,Florianopolis
90-100%,0.89,48.46168588042881,ABB00235,Florianopolis
100-110%,0.0,0.0,ABB00235,Florianopolis
