Power Range (%),Time (%),Hours (h),Asset,Site
0-10%,0.0,0.0,ABC00547,Hendrix
10-20%,0.58,29.150823320639994,ABC00547,Hendrix
20-30%,64.24,3228.704982961919,ABC00547,Hendrix
30-40%,21.19,1065.01025200752,ABC00547,Hendrix
40-50%,9.13,458.87416709904,ABC00547,Hendrix
50-60%,4.74,238.23259058591998,ABC00547,Hendrix
60-70%,0.12,6.031204824959999,ABC00547,Hendrix
70-80%,0.0,0.0,ABC00547,Hendrix
80-90%,0.0,0.0,ABC00547,Hendrix
90-100%,0.0,0.0,ABC00547,Hendrix
100-110%,0.0,0.0,ABC00547,Hendrix
