QNT,%,Site
0.0,19.452651220649976,Florianopolis
1.0,22.547037785725397,Florianopolis
2.0,58.00031099362462,Florianopolis
