QNT,L/hr,Site
0,0.0,Jim O'Brien
1,119.31089520944549,Jim O'Brien
2,310.67677035994535,Jim O'Brien
3,419.1121614974131,Jim O'Brien
