QNT,L/hr,Site
0,0.0,Macaé
1,126.70368256723091,Macaé
2,268.6881145273212,Macaé
