QNT,L/hr,Site
0,0.0,Marica
1,132.69564380565023,Marica
2,269.9303749648653,Marica
