QNT,L/hr,Site
0,0.0,NS Loreto
1,123.57175121624233,NS Loreto
2,281.16845193684657,NS Loreto
