QNT,%,Site
0,19.452651220649976,Florianopolis
1,22.547037785725394,Florianopolis
2,58.00031099362462,Florianopolis
