QNT,%,Site
0,2.1661147902869757,Ilhas Maldivas
1,79.74613686534217,Ilhas Maldivas
2,17.89459161147903,Ilhas Maldivas
3,0.19315673289183224,Ilhas Maldivas
