QNT,%,Site
0,39.439555349698935,Ilha da Trindade
1,16.952292728114866,Ilha da Trindade
2,43.608151922186195,Ilha da Trindade
