QNT,%,Site
0,0.9890572390572391,Jim O'Brien
1,83.40698653198653,Jim O'Brien
2,14.42550505050505,Jim O'Brien
3,1.1784511784511784,Jim O'Brien
