QNT,%,Site
0,24.4927801133248,Macaé
1,51.30689087918113,Macaé
2,24.20032900749406,Macaé
