QNT,%,Site
0,53.02235401459854,Martin Vaz
1,22.787408759124087,Martin Vaz
2,24.19023722627737,Martin Vaz
