QNT,%,Site
0,66.89814814814815,NS Loreto
1,18.23442760942761,NS Loreto
2,14.867424242424242,NS Loreto
