QNT,L/hr,Site
0,0.0,Hendrix
1,120.44245105686304,Hendrix
2,306.92371156273293,Hendrix
3,432.15207765674927,Hendrix
