QNT,L/hr,Site
0,0.0,Ilhas Maldivas
1,115.53003652939768,Ilhas Maldivas
2,305.90943360807165,Ilhas Maldivas
3,475.43462015946324,Ilhas Maldivas
