QNT,L/hr,Site
0,0.0,Martin Vaz
1,95.39719861872621,Martin Vaz
2,200.7555690292269,Martin Vaz
