QNT,L/hr,Site
0,0.0,SS Moretti
1,130.67370565089362,SS Moretti
2,281.71599850873076,SS Moretti
