QNT,%,Site
0,3.2617845117845117,Fernando de Noronha
1,79.17718855218855,Fernando de Noronha
2,17.371632996632997,Fernando de Noronha
3,0.1893939393939394,Fernando de Noronha
