QNT,%,Site
0,0.44150110375275936,Hendrix
1,82.43653421633555,Hendrix
2,15.79746136865342,Hendrix
3,1.3245033112582782,Hendrix
