QNT,%,Site
0,30.223880597014922,Marica
1,49.657960199004975,Marica
2,20.1181592039801,Marica
