QNT,%,Site
0,49.38923239330418,Martin Miller
1,26.02925652239481,Martin Miller
2,24.58151108430101,Martin Miller
