QNT,%,Site
0,62.9742033383915,SS Moretti
1,19.244033659815145,SS Moretti
2,17.78176300179335,SS Moretti
