QNT,%,Site
0.0,3.261784511784512,Fernando de Noronha
1.0,79.17718855218855,Fernando de Noronha
2.0,17.371632996632997,Fernando de Noronha
3.0,0.1893939393939394,Fernando de Noronha
